1a	0.6	2.6	You started a business.
1b	2.6	6.2	Somehow, you also became its content team.
3a	12.3	15.0	Prism learns your brand and your voice,
3b	15.0	19.5	then plans your month across LinkedIn, X, Instagram and TikTok.
4a	19.7	21.9	Every post is written for its channel.
4b	21.9	24.0	Not copied everywhere.
5a	26.6	28.6	It designs on-brand carousels,
5b	28.6	31.7	and turns ideas into Reels and TikToks.
6a	33.7	37.6	Your team reviews and approves, in one place.
7a	40.4	42.6	Then Prism publishes on schedule,
7b	42.6	45.9	so you can get back to the work only you can do.
8a	46.0	49.2	Founders, shop owners, brands and agencies.
8b	49.2	51.0	All humming.
