"uid","email","displayName","role","primaryAgencyId","emailVerified","subscriptionStatus","createdAt"
"1nUJ9mO0sUXATpl87ecmqT5ZmMf1","serge+agency@tryverza.com","serge+agency","agency_owner","","true","active","2025-11-26T01:49:50.658Z"
"2fqUfzUdEsPpYkL5xTyzmR7qybF3","serge+team6@tryverza.com","serge+team6","agency_member","ZYu4CgZUSZkPRtm8dTlI","false","trialing","2025-12-22T23:27:31.466Z"
"4IDfo3aPcmOQUFauynEycQTdPCN2","serge+turbo@tryverza.com","serge+turbo","agency_owner","bG5z0uZNMzz9GBQqxMLg","true","active","2026-05-12T22:27:25.702Z"
"5sHNr8IvQihsSfCFoCoqRLzMDvB3","serge+admin6@tryverza.com","serge+admin6","agency_admin","Ht18VWxVXUSRBAKwRG6W","true","none","2025-12-31T00:31:06.727Z"
"6TDmMi9OvVSi6t3BTknXvCjkNXw2","corbin@corsadigital.com.au","corbin","agency_owner","","true","trialing","2025-11-24T02:10:38.841Z"
"77tccxJBqLfB6ZPABi8WYtnxXti2","serge+global@tryverza.com","serge+global","agency_owner","lvJ9aJ9PLFRxN8Y1sVbs","true","active","2026-05-07T04:03:23.908Z"
"8vZs5YOqY2bEqi8QPTmg0ji64VZ2","francopaul.fp6@gmail.com","francopaul.fp6","agency_owner","","true","active","2026-06-29T07:41:30.775Z"
"96ZK6mVVUaQDhbdQGHj03lBNx0r1","keri@illuminate.org","Keri Murphy","agency_admin","cM2wb7YWdgxgEixwjAsD","true","trialing","2026-06-11T18:54:58.667Z"
"Cv4pbB7rMKflEeRKStg9Ef7DA9y1","ben@illuminate.org","Illuminate","agency_owner","cM2wb7YWdgxgEixwjAsD","true","active","2026-06-10T04:59:54.055Z"
"F6BpWIQZ8iRYGSVovt0EXDzFCSm2","serge+gigs3@tryverza.com","serge+gigs3","agency_owner","Ftb8k3a7ufXgM3tzCexq","true","active","2026-03-10T03:07:27.569Z"
"FhggjK3EaJPmjlKJVHEpDw10LPM2","serge+gigs12@tryverza.com","serge+gigs12","agency_owner","jIyjGGNO4zLsBmVTL5mh","true","active","2026-04-13T22:55:46.636Z"
"FyppotuvY6T6qZQw87tZ7QDD8eI2","serge+admin2@tryverza.com","serge+admin2","agency_admin","ZYu4CgZUSZkPRtm8dTlI","true","trialing","2025-12-22T23:39:19.420Z"
"HoGIjmSh16NkTgW7VJxfU945a5f1","amrkolanu@gmail.com","anagha kolanu","agency_owner","","true","none","2025-10-15T03:33:53.997Z"
"JJuJAN9CdBMaYi9J7a4pvPkgAaG3","hugo@audiostack.ai","Hugo Defaux","agency_owner","","true","none","2026-03-30T17:20:21.073Z"
"LAmnxp2r41SflLTfvdeOIsvrjFp2","arunim@safe.ai","Arunim Agarwal","agency_owner","XEfmclJ2E2e8QWKbMxnR","true","active","2026-03-11T17:13:43.995Z"
"NDCRBB5hPGNqZdsnFzYU6BGFVJq2","serge+gigs19@tryverza.com","serge+gigs19","agency_owner","ybnCyAndUUlYWBKHzy16","true","active","2026-04-10T19:13:56.910Z"
"NVSzCahlDPPMakWlyqNCUE3a3wF2","serge@tryverza.com","Serge Amouzou","agency_owner","","true","active","2025-06-03T21:57:15.340Z"
"OsEdj1PsUwODESJoCTRuR9LRK2y1","serge+newteam@tryverza.com","serge+newteam","agency_owner","","false","trialing","2026-03-12T19:08:30.671Z"
"PJoYd30JDndpDVDZbQTSO14GGRQ2","serge+prod3@tryverza.com","Verza Technogies, Inc.","agency_owner","","true","active","2025-06-03T18:39:43.602Z"
"SvWEIgDl7ROJuiAGeBoCH901uLF2","srosales@scu.edu","srosales","agency_owner","","true","active","2025-08-06T21:48:52.224Z"
"UZxCGmTVOcaEyMV2I7zAVUNGJll1","serge+gigs2@tryverza.com","Verza","agency_owner","RzurI1kJps8lJCM7mjfa","true","active","2026-03-01T01:24:25.104Z"
"UwImFizXIrcjbsBGWNYli4cLdsL2","serge+admin3@tryverza.com","serge+admin3","agency_admin","oc36CVSiruaddM3ONxZ9","true","trialing","2025-12-29T18:51:49.758Z"
"VihJ2Z4YPPTPxxte9lMp73Lwnlr2","serge+agency2@tryverza.com","serge+agency2","agency_owner","oc36CVSiruaddM3ONxZ9","true","active","2025-12-29T18:13:32.595Z"
"Vix2gsqPRcSwM5fnoclfZULe9CL2","stephanie@roadtotech.com","Stephanie C","agency_owner","","true","none","2025-08-18T23:56:22.612Z"
"Zw0Wg1GN8UfwZr7kvSLdqMjYqjF2","justin@visionarypass.com","Justin Harris","agency_owner","","true","active","2025-09-09T14:07:58.484Z"
"aK4Y28av5uMf604QDRECyIm82Vh1","serge+gigs4@tryverza.com","serge+gigs4","agency_owner","NQojBWUGvMNe6j5WVOfC","true","trialing","2026-03-11T15:11:17.416Z"
"hKbRhsEWWFR1dYiMeQILvLW0IxU2","serge+global2@tryverza.com","serge+global2","agency_owner","bAcUS8TBxNAw9cfyPSJV","true","trialing","2026-05-10T23:55:45.081Z"
"jZqSIZs1APZ9ocSGLdJsDkoUPOq2","stephanie@night.co","stephanie","agency_owner","NDUFammftnwYDfHARj7W","false","active","2026-05-12T04:11:52.115Z"
"l1QuE2MhYbWzgFHxiut7WdYAs0J3","serge+gigs@tryverza.com","serge+gigs","agency_owner","AbtULf8smeQqXNVoZSLO","true","active","2026-02-24T01:23:12.077Z"
"p3TmZi7YMERCSQSpLH9Ga8xL3Km2","serge+gigs5@tryverza.com","serge+gigs5","agency_admin","Ftb8k3a7ufXgM3tzCexq","true","none","2026-03-12T19:10:27.540Z"
"pyxxbWHUzodIRWl9YoIwdv5nrFh1","serge+verza@tryverza.com","serge+verza","agency_owner","iRV6lMsX3l7aXBxdygIT","true","none","2026-04-24T04:52:43.394Z"
"tWCMSklwyJTVIlvUvhswsQE6fm42","tanya@safe.ai","Tanya Kalinina","agency_owner","","true","trialing","2026-05-12T21:07:55.246Z"
"tlImFYN24efog25tv6Yb15Qpdzj2","serge+gigs0@tryverza.com","serge+gigs0","agency_owner","TvsQk2PH3ziXRAd7lT0D","true","active","2026-04-08T23:26:08.596Z"
"yHs8yHZupaT0FSebBo9fxXlE3s43","admin@corsadigital.com.au","admin","agency_owner","","false","trialing","2025-11-24T06:37:43.210Z"